Modelo,Acuracia_Teste,Precisao,Recall,F1_Score,CV_Mean,Melhores_Parametros
KNN,0.8888888888888888,0.8879509379509379,0.8888888888888888,0.8880875851947888,0.945977011494253,"{'metric': 'manhattan', 'n_neighbors': 3, 'weights': 'uniform'}"
SVM,0.8888888888888888,0.8907894736842105,0.8888888888888888,0.8875338753387534,0.973103448275862,"{'C': 100, 'gamma': 'scale', 'kernel': 'linear'}"
Random Forest,0.873015873015873,0.8751461988304092,0.873015873015873,0.8719060523938572,0.9124137931034483,"{'max_depth': None, 'min_samples_leaf': 2, 'min_samples_split': 5, 'n_estimators': 50}"
Naive Bayes,0.8253968253968254,0.8339275103980986,0.8253968253968254,0.8250600661861371,0.9057471264367816,{'var_smoothing': 1e-09}
Logistic Regression,0.8888888888888888,0.8907894736842105,0.8888888888888888,0.8875338753387534,0.9864367816091955,"{'C': 100, 'max_iter': 1000, 'penalty': 'l1', 'solver': 'liblinear'}"
